-- ============================================
-- NURSE LOGGING SYSTEM - COMPLETE SEED DATA
-- ============================================
-- This script clears all existing data and populates the database with comprehensive dummy data

-- ============================================
-- STEP 1: DELETE ALL EXISTING DATA (in correct order to respect FK constraints)
-- ============================================

DELETE FROM vital_signs;
DELETE FROM nurse_logs;
DELETE FROM tasks;
DELETE FROM medication_schedules;
DELETE FROM nurses;
DELETE FROM patients;
DELETE FROM procedures;
DELETE FROM investigations;
DELETE FROM medications;
DELETE FROM routes_of_administration;
DELETE FROM departments;
-- Note: user_roles should be managed separately for actual users

-- ============================================
-- STEP 2: INSERT DEPARTMENTS
-- ============================================

INSERT INTO departments (department_id, department_name) VALUES
('11111111-1111-1111-1111-111111111111', 'Emergency'),
('22222222-2222-2222-2222-222222222222', 'ICU'),
('33333333-3333-3333-3333-333333333333', 'General Ward'),
('44444444-4444-4444-4444-444444444444', 'Pediatrics'),
('55555555-5555-5555-5555-555555555555', 'Surgery');

-- ============================================
-- STEP 3: INSERT ROUTES OF ADMINISTRATION
-- ============================================

INSERT INTO routes_of_administration (route_id, route_name) VALUES
('a1111111-1111-1111-1111-111111111111', 'Oral'),
('a2222222-2222-2222-2222-222222222222', 'Intravenous (IV)'),
('a3333333-3333-3333-3333-333333333333', 'Intramuscular (IM)'),
('a4444444-4444-4444-4444-444444444444', 'Subcutaneous (SC)'),
('a5555555-5555-5555-5555-555555555555', 'Topical'),
('a6666666-6666-6666-6666-666666666666', 'Inhalation'),
('a7777777-7777-7777-7777-777777777777', 'Sublingual');

-- ============================================
-- STEP 4: INSERT MEDICATIONS
-- ============================================

INSERT INTO medications (medication_id, medication_name, dosage, form) VALUES
('b1111111-1111-1111-1111-111111111111', 'Paracetamol', '500mg', 'Tablet'),
('b2222222-2222-2222-2222-222222222222', 'Ibuprofen', '400mg', 'Tablet'),
('b3333333-3333-3333-3333-333333333333', 'Amoxicillin', '500mg', 'Capsule'),
('b4444444-4444-4444-4444-444444444444', 'Metformin', '850mg', 'Tablet'),
('b5555555-5555-5555-5555-555555555555', 'Insulin', '10 units', 'Injection'),
('b6666666-6666-6666-6666-666666666666', 'Aspirin', '75mg', 'Tablet'),
('b7777777-7777-7777-7777-777777777777', 'Omeprazole', '20mg', 'Capsule'),
('b8888888-8888-8888-8888-888888888888', 'Atorvastatin', '40mg', 'Tablet'),
('b9999999-9999-9999-9999-999999999999', 'Morphine', '10mg', 'Injection'),
('ba111111-1111-1111-1111-111111111111', 'Salbutamol', '100mcg', 'Inhaler'),
('bb222222-2222-2222-2222-222222222222', 'Ceftriaxone', '1g', 'Injection'),
('bc333333-3333-3333-3333-333333333333', 'Furosemide', '40mg', 'Tablet');

-- ============================================
-- STEP 5: INSERT INVESTIGATIONS
-- ============================================

INSERT INTO investigations (investigation_id, investigation_name, description, normal_range) VALUES
('c1111111-1111-1111-1111-111111111111', 'Complete Blood Count', 'CBC - measures different components of blood', 'WBC: 4-11 K/uL, RBC: 4.5-5.5 M/uL'),
('c2222222-2222-2222-2222-222222222222', 'Blood Glucose', 'Fasting blood sugar test', '70-100 mg/dL'),
('c3333333-3333-3333-3333-333333333333', 'Liver Function Test', 'Tests for liver enzymes', 'ALT: 7-56 U/L, AST: 10-40 U/L'),
('c4444444-4444-4444-4444-444444444444', 'Kidney Function Test', 'Creatinine and BUN', 'Creatinine: 0.7-1.3 mg/dL'),
('c5555555-5555-5555-5555-555555555555', 'Chest X-Ray', 'Radiological examination of chest', 'N/A'),
('c6666666-6666-6666-6666-666666666666', 'ECG', 'Electrocardiogram', 'HR: 60-100 bpm'),
('c7777777-7777-7777-7777-777777777777', 'Urinalysis', 'Urine examination', 'pH: 4.5-8.0'),
('c8888888-8888-8888-8888-888888888888', 'HbA1c', 'Glycated hemoglobin test', '< 5.7%');

-- ============================================
-- STEP 6: INSERT PROCEDURES
-- ============================================

INSERT INTO procedures (procedure_id, procedure_name, description, duration) VALUES
('d1111111-1111-1111-1111-111111111111', 'Wound Dressing', 'Change and clean wound dressing', '15 mins'),
('d2222222-2222-2222-2222-222222222222', 'Catheterization', 'Urinary catheter insertion', '20 mins'),
('d3333333-3333-3333-3333-333333333333', 'IV Line Insertion', 'Insert intravenous line', '10 mins'),
('d4444444-4444-4444-4444-444444444444', 'Blood Draw', 'Venipuncture for blood sample', '5 mins'),
('d5555555-5555-5555-5555-555555555555', 'Nasogastric Tube', 'NG tube insertion', '15 mins'),
('d6666666-6666-6666-6666-666666666666', 'Oxygen Therapy', 'Administer oxygen via mask/nasal', '30 mins'),
('d7777777-7777-7777-7777-777777777777', 'Nebulization', 'Administer medication via nebulizer', '20 mins'),
('d8888888-8888-8888-8888-888888888888', 'Physiotherapy', 'Chest physiotherapy session', '30 mins');

-- ============================================
-- STEP 7: INSERT NURSES
-- ============================================

INSERT INTO nurses (nurse_id, nurse_name, department_id, contact_number, email, shift) VALUES
('e1111111-1111-1111-1111-111111111111', 'Sarah Johnson', '11111111-1111-1111-1111-111111111111', '+1-555-0101', 'sarah.j@hospital.com', 'Morning'),
('e2222222-2222-2222-2222-222222222222', 'Michael Chen', '22222222-2222-2222-2222-222222222222', '+1-555-0102', 'michael.c@hospital.com', 'Evening'),
('e3333333-3333-3333-3333-333333333333', 'Emily Rodriguez', '33333333-3333-3333-3333-333333333333', '+1-555-0103', 'emily.r@hospital.com', 'Morning'),
('e4444444-4444-4444-4444-444444444444', 'James Wilson', '11111111-1111-1111-1111-111111111111', '+1-555-0104', 'james.w@hospital.com', 'Night'),
('e5555555-5555-5555-5555-555555555555', 'Priya Patel', '44444444-4444-4444-4444-444444444444', '+1-555-0105', 'priya.p@hospital.com', 'Morning'),
('e6666666-6666-6666-6666-666666666666', 'David Kim', '22222222-2222-2222-2222-222222222222', '+1-555-0106', 'david.k@hospital.com', 'Evening'),
('e7777777-7777-7777-7777-777777777777', 'Lisa Anderson', '55555555-5555-5555-5555-555555555555', '+1-555-0107', 'lisa.a@hospital.com', 'Morning'),
('e8888888-8888-8888-8888-888888888888', 'Ahmed Hassan', '33333333-3333-3333-3333-333333333333', '+1-555-0108', 'ahmed.h@hospital.com', 'Night');

-- ============================================
-- STEP 8: INSERT PATIENTS
-- ============================================

INSERT INTO patients (patient_id, patient_name, age, gender, admission_date, bed_number, ward, status, diagnosis, ipd_number, contact_number, emergency_contact) VALUES
('f1111111-1111-1111-1111-111111111111', 'John Smith', 45, 'Male', '2025-10-25', 'A-101', 'Emergency', 'Critical', 'Acute Myocardial Infarction', 'IPD2025001', '+1-555-1001', '+1-555-1002'),
('f2222222-2222-2222-2222-222222222222', 'Maria Garcia', 62, 'Female', '2025-10-26', 'B-205', 'ICU', 'Stable', 'Pneumonia', 'IPD2025002', '+1-555-1003', '+1-555-1004'),
('f3333333-3333-3333-3333-333333333333', 'Robert Lee', 34, 'Male', '2025-10-27', 'C-301', 'General Ward', 'Stable', 'Type 2 Diabetes', 'IPD2025003', '+1-555-1005', '+1-555-1006'),
('f4444444-4444-4444-4444-444444444444', 'Emma Williams', 8, 'Female', '2025-10-27', 'D-102', 'Pediatrics', 'Recovering', 'Asthma Exacerbation', 'IPD2025004', '+1-555-1007', '+1-555-1008'),
('f5555555-5555-5555-5555-555555555555', 'Thomas Brown', 71, 'Male', '2025-10-28', 'B-210', 'ICU', 'Critical', 'Septic Shock', 'IPD2025005', '+1-555-1009', '+1-555-1010'),
('f6666666-6666-6666-6666-666666666666', 'Jennifer Davis', 29, 'Female', '2025-10-28', 'E-401', 'Surgery', 'Post-Op', 'Appendectomy', 'IPD2025006', '+1-555-1011', '+1-555-1012'),
('f7777777-7777-7777-7777-777777777777', 'Kevin Nguyen', 55, 'Male', '2025-10-29', 'C-305', 'General Ward', 'Stable', 'Hypertension', 'IPD2025007', '+1-555-1013', '+1-555-1014'),
('f8888888-8888-8888-8888-888888888888', 'Sophia Martinez', 6, 'Female', '2025-10-29', 'D-105', 'Pediatrics', 'Stable', 'Gastroenteritis', 'IPD2025008', '+1-555-1015', '+1-555-1016');

-- ============================================
-- STEP 9: INSERT MEDICATION SCHEDULES
-- ============================================

INSERT INTO medication_schedules (schedule_id, patient_id, medication_id, route_id, scheduled_time, frequency, start_date, end_date, is_active) VALUES
('g1111111-1111-1111-1111-111111111111', 'f1111111-1111-1111-1111-111111111111', 'b6666666-6666-6666-6666-666666666666', 'a1111111-1111-1111-1111-111111111111', '08:00:00', 'Once Daily', '2025-10-25', '2025-11-25', true),
('g2222222-2222-2222-2222-222222222222', 'f1111111-1111-1111-1111-111111111111', 'b9999999-9999-9999-9999-999999999999', 'a2222222-2222-2222-2222-222222222222', '12:00:00', 'Every 6 hours', '2025-10-25', NULL, true),
('g3333333-3333-3333-3333-333333333333', 'f2222222-2222-2222-2222-222222222222', 'b3333333-3333-3333-3333-333333333333', 'a1111111-1111-1111-1111-111111111111', '09:00:00', 'Three times daily', '2025-10-26', '2025-11-02', true),
('g4444444-4444-4444-4444-444444444444', 'f2222222-2222-2222-2222-222222222222', 'bb222222-2222-2222-2222-222222222222', 'a2222222-2222-2222-2222-222222222222', '14:00:00', 'Twice daily', '2025-10-26', '2025-11-01', true),
('g5555555-5555-5555-5555-555555555555', 'f3333333-3333-3333-3333-333333333333', 'b4444444-4444-4444-4444-444444444444', 'a1111111-1111-1111-1111-111111111111', '07:00:00', 'Twice daily', '2025-10-27', NULL, true),
('g6666666-6666-6666-6666-666666666666', 'f3333333-3333-3333-3333-333333333333', 'b5555555-5555-5555-5555-555555555555', 'a4444444-4444-4444-4444-444444444444', '07:30:00', 'Once Daily', '2025-10-27', NULL, true),
('g7777777-7777-7777-7777-777777777777', 'f4444444-4444-4444-4444-444444444444', 'ba111111-1111-1111-1111-111111111111', 'a6666666-6666-6666-6666-666666666666', '08:00:00', 'Four times daily', '2025-10-27', '2025-11-03', true),
('g8888888-8888-8888-8888-888888888888', 'f5555555-5555-5555-5555-555555555555', 'bb222222-2222-2222-2222-222222222222', 'a2222222-2222-2222-2222-222222222222', '06:00:00', 'Every 8 hours', '2025-10-28', NULL, true),
('g9999999-9999-9999-9999-999999999999', 'f6666666-6666-6666-6666-666666666666', 'b1111111-1111-1111-1111-111111111111', 'a1111111-1111-1111-1111-111111111111', '08:00:00', 'Three times daily', '2025-10-28', '2025-11-04', true),
('ga111111-1111-1111-1111-111111111111', 'f7777777-7777-7777-7777-777777777777', 'b8888888-8888-8888-8888-888888888888', 'a1111111-1111-1111-1111-111111111111', '21:00:00', 'Once Daily', '2025-10-29', NULL, true),
('gb222222-2222-2222-2222-222222222222', 'f8888888-8888-8888-8888-888888888888', 'b7777777-7777-7777-7777-777777777777', 'a1111111-1111-1111-1111-111111111111', '08:00:00', 'Once Daily', '2025-10-29', '2025-11-05', true);

-- ============================================
-- STEP 10: INSERT TASKS (Central Timeline)
-- ============================================

INSERT INTO tasks (task_id, patient_id, nurse_id, task_type, medication_id, investigation_id, procedure_id, route_id, scheduled_time, status, priority, frequency, notes) VALUES
-- Medication tasks
('h1111111-1111-1111-1111-111111111111', 'f1111111-1111-1111-1111-111111111111', 'e1111111-1111-1111-1111-111111111111', 'medication', 'b6666666-6666-6666-6666-666666666666', NULL, NULL, 'a1111111-1111-1111-1111-111111111111', '2025-10-29 08:00:00', 'completed', 'high', 'Once Daily', 'Given with breakfast'),
('h2222222-2222-2222-2222-222222222222', 'f1111111-1111-1111-1111-111111111111', 'e4444444-4444-4444-4444-444444444444', 'medication', 'b9999999-9999-9999-9999-999999999999', NULL, NULL, 'a2222222-2222-2222-2222-222222222222', '2025-10-29 12:00:00', 'pending', 'critical', 'Every 6 hours', 'Pain management - IV'),
('h3333333-3333-3333-3333-333333333333', 'f2222222-2222-2222-2222-222222222222', 'e3333333-3333-3333-3333-333333333333', 'medication', 'b3333333-3333-3333-3333-333333333333', NULL, NULL, 'a1111111-1111-1111-1111-111111111111', '2025-10-29 09:00:00', 'completed', 'medium', 'Three times daily', 'Antibiotic course day 3'),
('h4444444-4444-4444-4444-444444444444', 'f3333333-3333-3333-3333-333333333333', 'e3333333-3333-3333-3333-333333333333', 'medication', 'b4444444-4444-4444-4444-444444444444', NULL, NULL, 'a1111111-1111-1111-1111-111111111111', '2025-10-29 07:00:00', 'completed', 'high', 'Twice daily', 'Before meals'),
('h5555555-5555-5555-5555-555555555555', 'f3333333-3333-3333-3333-333333333333', 'e3333333-3333-3333-3333-333333333333', 'medication', 'b5555555-5555-5555-5555-555555555555', NULL, NULL, 'a4444444-4444-4444-4444-444444444444', '2025-10-29 07:30:00', 'completed', 'critical', 'Once Daily', 'Insulin - subcutaneous'),
('h6666666-6666-6666-6666-666666666666', 'f4444444-4444-4444-4444-444444444444', 'e5555555-5555-5555-5555-555555555555', 'medication', 'ba111111-1111-1111-1111-111111111111', NULL, NULL, 'a6666666-6666-6666-6666-666666666666', '2025-10-29 08:00:00', 'completed', 'high', 'Four times daily', 'Salbutamol inhaler - 2 puffs'),
('h7777777-7777-7777-7777-777777777777', 'f5555555-5555-5555-5555-555555555555', 'e6666666-6666-6666-6666-666666666666', 'medication', 'bb222222-2222-2222-2222-222222222222', NULL, NULL, 'a2222222-2222-2222-2222-222222222222', '2025-10-29 14:00:00', 'pending', 'critical', 'Every 8 hours', 'Antibiotic IV - sepsis protocol'),
('h8888888-8888-8888-8888-888888888888', 'f7777777-7777-7777-7777-777777777777', 'e3333333-3333-3333-3333-333333333333', 'medication', 'b8888888-8888-8888-8888-888888888888', NULL, NULL, 'a1111111-1111-1111-1111-111111111111', '2025-10-29 21:00:00', 'pending', 'medium', 'Once Daily', 'Cholesterol management'),

-- Investigation tasks
('h9999999-9999-9999-9999-999999999999', 'f1111111-1111-1111-1111-111111111111', 'e1111111-1111-1111-1111-111111111111', 'investigation', NULL, 'c2222222-2222-2222-2222-222222222222', NULL, NULL, '2025-10-29 06:00:00', 'completed', 'high', NULL, 'Fasting blood glucose done'),
('ha111111-1111-1111-1111-111111111111', 'f2222222-2222-2222-2222-222222222222', 'e6666666-6666-6666-6666-666666666666', 'investigation', NULL, 'c1111111-1111-1111-1111-111111111111', NULL, NULL, '2025-10-29 10:00:00', 'pending', 'medium', NULL, 'CBC - check infection markers'),
('hb222222-2222-2222-2222-222222222222', 'f3333333-3333-3333-3333-333333333333', 'e3333333-3333-3333-3333-333333333333', 'investigation', NULL, 'c8888888-8888-8888-8888-888888888888', NULL, NULL, '2025-10-29 08:00:00', 'completed', 'medium', NULL, 'HbA1c - diabetes monitoring'),
('hc333333-3333-3333-3333-333333333333', 'f5555555-5555-5555-5555-555555555555', 'e6666666-6666-6666-6666-666666666666', 'investigation', NULL, 'c4444444-4444-4444-4444-444444444444', NULL, NULL, '2025-10-29 11:00:00', 'pending', 'critical', NULL, 'Kidney function - sepsis monitoring'),
('hd444444-4444-4444-4444-444444444444', 'f7777777-7777-7777-7777-777777777777', 'e3333333-3333-3333-3333-333333333333', 'investigation', NULL, 'c6666666-6666-6666-6666-666666666666', NULL, NULL, '2025-10-29 15:00:00', 'pending', 'high', NULL, 'ECG - cardiac monitoring'),

-- Procedure tasks
('he555555-5555-5555-5555-555555555555', 'f1111111-1111-1111-1111-111111111111', 'e1111111-1111-1111-1111-111111111111', 'procedure', NULL, NULL, 'd6666666-6666-6666-6666-666666666666', NULL, '2025-10-29 09:00:00', 'in-progress', 'critical', NULL, 'Oxygen therapy - maintain O2 sat >95%'),
('hf666666-6666-6666-6666-666666666666', 'f2222222-2222-2222-2222-222222222222', 'e6666666-6666-6666-6666-666666666666', 'procedure', NULL, NULL, 'd7777777-7777-7777-7777-777777777777', NULL, '2025-10-29 13:00:00', 'pending', 'high', NULL, 'Nebulization for respiratory support'),
('hg777777-7777-7777-7777-777777777777', 'f4444444-4444-4444-4444-444444444444', 'e5555555-5555-5555-5555-555555555555', 'procedure', NULL, NULL, 'd7777777-7777-7777-7777-777777777777', NULL, '2025-10-29 10:00:00', 'completed', 'high', NULL, 'Nebulization completed - good response'),
('hh888888-8888-8888-8888-888888888888', 'f5555555-5555-5555-5555-555555555555', 'e6666666-6666-6666-6666-666666666666', 'procedure', NULL, NULL, 'd3333333-3333-3333-3333-333333333333', NULL, '2025-10-29 07:00:00', 'completed', 'critical', NULL, 'Central line inserted'),
('hi999999-9999-9999-9999-999999999999', 'f6666666-6666-6666-6666-666666666666', 'e7777777-7777-7777-7777-777777777777', 'procedure', NULL, NULL, 'd1111111-1111-1111-1111-111111111111', NULL, '2025-10-29 16:00:00', 'pending', 'medium', NULL, 'Post-op wound dressing change'),
('hj111111-1111-1111-1111-111111111111', 'f8888888-8888-8888-8888-888888888888', 'e5555555-5555-5555-5555-555555555555', 'procedure', NULL, NULL, 'd3333333-3333-3333-3333-333333333333', NULL, '2025-10-29 12:00:00', 'pending', 'medium', NULL, 'IV line for hydration');

-- ============================================
-- STEP 11: INSERT VITAL SIGNS
-- ============================================

INSERT INTO vital_signs (vital_id, patient_id, nurse_id, recorded_time, temperature, blood_pressure, heart_rate, respiratory_rate, oxygen_saturation, remarks) VALUES
('i1111111-1111-1111-1111-111111111111', 'f1111111-1111-1111-1111-111111111111', 'e1111111-1111-1111-1111-111111111111', '2025-10-29 06:00:00', 37.2, '145/95', 88, 18, 96, 'Stable, slight hypertension'),
('i2222222-2222-2222-2222-222222222222', 'f1111111-1111-1111-1111-111111111111', 'e1111111-1111-1111-1111-111111111111', '2025-10-29 10:00:00', 37.0, '140/90', 82, 16, 97, 'Improving'),
('i3333333-3333-3333-3333-333333333333', 'f2222222-2222-2222-2222-222222222222', 'e6666666-6666-6666-6666-666666666666', '2025-10-29 07:00:00', 38.5, '130/80', 95, 22, 92, 'Fever persists, tachypnea'),
('i4444444-4444-4444-4444-444444444444', 'f3333333-3333-3333-3333-333333333333', 'e3333333-3333-3333-3333-333333333333', '2025-10-29 08:00:00', 36.8, '125/82', 72, 16, 99, 'Normal vitals'),
('i5555555-5555-5555-5555-555555555555', 'f4444444-4444-4444-4444-444444444444', 'e5555555-5555-5555-5555-555555555555', '2025-10-29 09:00:00', 37.1, '110/70', 85, 20, 95, 'Mild respiratory distress'),
('i6666666-6666-6666-6666-666666666666', 'f5555555-5555-5555-5555-555555555555', 'e6666666-6666-6666-6666-666666666666', '2025-10-29 06:30:00', 39.2, '90/60', 120, 28, 88, 'Critical - septic, hypotensive'),
('i7777777-7777-7777-7777-777777777777', 'f5555555-5555-5555-5555-555555555555', 'e6666666-6666-6666-6666-666666666666', '2025-10-29 09:00:00', 38.8, '95/65', 115, 26, 90, 'Slight improvement with fluids'),
('i8888888-8888-8888-8888-888888888888', 'f6666666-6666-6666-6666-666666666666', 'e7777777-7777-7777-7777-777777777777', '2025-10-29 08:00:00', 36.6, '118/75', 78, 14, 98, 'Post-op stable'),
('i9999999-9999-9999-9999-999999999999', 'f7777777-7777-7777-7777-777777777777', 'e3333333-3333-3333-3333-333333333333', '2025-10-29 10:00:00', 36.9, '150/95', 76, 15, 98, 'Elevated BP - on meds'),
('ia111111-1111-1111-1111-111111111111', 'f8888888-8888-8888-8888-888888888888', 'e5555555-5555-5555-5555-555555555555', '2025-10-29 11:00:00', 37.3, '100/65', 92, 18, 97, 'Recovering from dehydration');

-- ============================================
-- STEP 12: INSERT NURSE LOGS
-- ============================================

INSERT INTO nurse_logs (log_id, patient_id, nurse_id, medication_id, route_id, administration_time, dosage_given, remarks, status) VALUES
('j1111111-1111-1111-1111-111111111111', 'f1111111-1111-1111-1111-111111111111', 'e1111111-1111-1111-1111-111111111111', 'b6666666-6666-6666-6666-666666666666', 'a1111111-1111-1111-1111-111111111111', '2025-10-29 08:00:00', '75mg', 'Given with food, patient tolerated well', 'administered'),
('j2222222-2222-2222-2222-222222222222', 'f1111111-1111-1111-1111-111111111111', 'e1111111-1111-1111-1111-111111111111', 'b9999999-9999-9999-9999-999999999999', 'a2222222-2222-2222-2222-222222222222', '2025-10-29 06:00:00', '10mg', 'IV morphine for chest pain relief', 'administered'),
('j3333333-3333-3333-3333-333333333333', 'f2222222-2222-2222-2222-222222222222', 'e3333333-3333-3333-3333-333333333333', 'b3333333-3333-3333-3333-333333333333', 'a1111111-1111-1111-1111-111111111111', '2025-10-29 09:00:00', '500mg', 'Antibiotic course day 3, no adverse effects', 'administered'),
('j4444444-4444-4444-4444-444444444444', 'f3333333-3333-3333-3333-333333333333', 'e3333333-3333-3333-3333-333333333333', 'b4444444-4444-4444-4444-444444444444', 'a1111111-1111-1111-1111-111111111111', '2025-10-29 07:00:00', '850mg', 'Before breakfast as scheduled', 'administered'),
('j5555555-5555-5555-5555-555555555555', 'f3333333-3333-3333-3333-333333333333', 'e3333333-3333-3333-3333-333333333333', 'b5555555-5555-5555-5555-555555555555', 'a4444444-4444-4444-4444-444444444444', '2025-10-29 07:30:00', '10 units', 'Subcutaneous insulin - abdomen site', 'administered'),
('j6666666-6666-6666-6666-666666666666', 'f4444444-4444-4444-4444-444444444444', 'e5555555-5555-5555-5555-555555555555', 'ba111111-1111-1111-1111-111111111111', 'a6666666-6666-6666-6666-666666666666', '2025-10-29 08:00:00', '100mcg (2 puffs)', 'Inhaler technique good, breathing improved', 'administered'),
('j7777777-7777-7777-7777-777777777777', 'f5555555-5555-5555-5555-555555555555', 'e6666666-6666-6666-6666-666666666666', 'bb222222-2222-2222-2222-222222222222', 'a2222222-2222-2222-2222-222222222222', '2025-10-29 06:00:00', '1g', 'IV antibiotic for sepsis protocol', 'administered'),
('j8888888-8888-8888-8888-888888888888', 'f6666666-6666-6666-6666-666666666666', 'e7777777-7777-7777-7777-777777777777', 'b1111111-1111-1111-1111-111111111111', 'a1111111-1111-1111-1111-111111111111', '2025-10-29 08:00:00', '500mg', 'Post-op pain management', 'administered');

-- ============================================
-- COMPLETION MESSAGE
-- ============================================

-- All tables have been cleared and repopulated with comprehensive dummy data
-- This includes 8 patients, 8 nurses, 12 medications, 8 investigations, 8 procedures,
-- 19 tasks, 10 vital sign records, and 8 nurse logs
